BLUE CHEESE,DAIRY
CHEDDAR CHEESE,DAIRY
CREAM CHEESE,DAIRY
FETA CHEESE,DAIRY
GOUDA CHEESE,DAIRY
MOZZARELLA CHEESE,DAIRY
PARMESAN CHEESE (GRATED),DAIRY
PARMESAN REGGIANO,DAIRY
RICOTTA CHEESE,DAIRY
SWISS CHEESE,DAIRY
HALF AND HALF,DAIRY
WHIPPING CREAM,DAIRY
WHIPPED CREAM,DAIRY
SOUR CREAM,DAIRY
MILK,DAIRY
BUTTERMILK,DAIRY
GREEK YOGURT,DAIRY
EGGS,DAIRY
BUTTER,DAIRY
MEXICAN CHEESE,DAIRY
PREPARED HORSERADISH,DAIRY
ORANGE JUICE,DAIRY
ENGLISH MUFFIN,DAIRY
BISCUITS,DAIRY
BREAD,GROCERY
FRENCH BREAD,GROCERY
BASIL (DRIED),GROCERY
CHILI POWDER,GROCERY
GROUND CINNAMON,GROCERY
CURRY POWDER,GROCERY
GARLIC POWDER,GROCERY
GINGER (GROUND),GROCERY
OREGANO (DRIED),GROCERY
PAPRIKA,GROCERY
PARSLEY (DRIED),GROCERY
BLACK PEPPER (GROUND),GROCERY
RED PEPPER (GROUND),GROCERY
WHTIE PEPPER,GROCERY
ROSEMARY (DRIED),GROCERY
SAFFRON,GROCERY
THYME (DRIED),GROCERY
YELLOW MUSTARD,GROCERY
KOSHER SALT,GROCERY
APPLE CIDER VINEGAR,GROCERY
THYME (FRESH),GROCERY
CANOLA OIL,GROCERY
OLIVE OIL,GROCERY
EXTRA VIRGIN OLIVE OIL,GROCERY
NON-STICK COOKING SPRAY,GROCERY
RED WINE VINEGAR,GROCERY
BALSAMIC VINEGAR,GROCERY
VANILLA EXTRACT,GROCERY
WHITE VINEGAR,GROCERY
CAPERS,GROCERY
TACO SEASONING,GROCERY
CHICKEN STOCK,GROCERY
BEEF STOCK,GROCERY
HOISIN SAUCE,GROCERY
OYSTER SAUCE,GROCERY
SOY SAUCE,GROCERY
TERIYAKI SAUCE,GROCERY
SPAGHETTI SAUCE,GROCERY
TURKEY PEPPERONI,GROCERY
RED BENS (DRIED),GROCERY
APPLESAUCE,GROCERY
BLACK BEANS (CANNED),GROCERY
BAKING SODA,GROCERY
BAKING POWDER,GROCERY
CORN STARCH,GROCERY
ALL PURPOSE FLOUR,GROCERY
BREAD FLOUR,GROCERY
CAKE FLOUR,GROCERY
CORN MEAL,GROCERY
BREAD CRUMBS,GROCERY
PANKO BREAD CRUMBS,GROCERY
GELATIN POWDER,GROCERY
YEAST,GROCERY
WHOLE TOMATOES (CANNED),GROCERY
CRUSHED TOMATOES (CANNED),GROCERY
TOMATO SAUCE,GROCERY
TOMATO PASTE,GROCERY
COUSCOUS,GROCERY
QUINOA,GROCERY
BROWN RICE,GROCERY
WHITE RICE,GROCERY
SPAGHETTI,GROCERY
ANGEL HAIR,GROCERY
THIN SPAGHETTI,GROCERY
FETTUCINI,GROCERY
LINGUINI,GROCERY
EGG NOODLES,GROCERY
BASIL (FRESH),PRODUCE
ROSEMARY (FRESH),PRODUCE
GALA APPLES,PRODUCE
BANANAS,PRODUCE
BLACKBERRIES,PRODUCE
AVOCADO,PRODUCE
BLUEBERRIES,PRODUCE
GRAPEFRUIT,PRODUCE
LEMON,PRODUCE
LIME,PRODUCE
ORANGE,PRODUCE
MANGO,PRODUCE
STRAWBERRIES,PRODUCE
WATERMELON,PRODUCE
ASPARAGUS,PRODUCE
GREEN BEANS,PRODUCE
BEETS,PRODUCE
BROCCOLI,PRODUCE
BRUSSEL SPROUTS,PRODUCE
CABBAGE,PRODUCE
CARROTS,PRODUCE
CAULIFLOWER,PRODUCE
CELERY,PRODUCE
CORN (FRESH),PRODUCE
CUCUMBER,PRODUCE
EGGPLANT,PRODUCE
GARLIC,PRODUCE
KALE,PRODUCE
WHITE MUSHROOMS,PRODUCE
CRIMINI MUSHROOMS,PRODUCE
LEEKS,PRODUCE
ROMAINE LETTUCE,PRODUCE
YELLOW ONIONS,PRODUCE
RED ONION,PRODUCE
PARSLEY,PRODUCE
PARSNIPS,PRODUCE
GREEN BELL PEPPER,PRODUCE
RED BELL PEPPER,PRODUCE
WHITE POTATO,PRODUCE
YELLOW POTATO,PRODUCE
RED POTATO,PRODUCE
SPINACH,PRODUCE
ZUCCHINI,PRODUCE
YELLOW SQUASH,PRODUCE
SWEET POTATO,PRODUCE
TOMATO ,PRODUCE
CILANTRO,PRODUCE
SHALLOT,PRODUCE
PICKLE SLICES,PRODUCE
PICKLE SPEARS,PRODUCE
JALEPENO PEPPER,PRODUCE
POBLANO PEPPER,PRODUCE
HAM,DELI
HONEY TURKEY,DELI
ROAST BEEF,DELI
GARLIC BREAD,FROZEN
CORN ON THE COB,FROZEN
